{
    "Ar36": {
        "error": 0.00015382037107459102, 
        "filter_outliers_dict": {
            "filter_outliers": true, 
            "iterations": 1, 
            "std_devs": 2
        }, 
        "fit": "Linear", 
        "value": 0.015822852645298816
    }, 
    "Ar37": {
        "error": 0.005073516386404902, 
        "filter_outliers_dict": {
            "filter_outliers": true, 
            "iterations": 1, 
            "std_devs": 2
        }, 
        "fit": "linear", 
        "value": 0.8997141334060602
    }, 
    "Ar38": {
        "error": 0.002433269465901778, 
        "filter_outliers_dict": {
            "filter_outliers": true, 
            "iterations": 1, 
            "std_devs": 2
        }, 
        "fit": "linear", 
        "value": 1.7319614326227317
    }, 
    "Ar39": {
        "error": 0.020908231601130246, 
        "filter_outliers_dict": {
            "filter_outliers": true, 
            "iterations": 1, 
            "std_devs": 2
        }, 
        "fit": "Linear", 
        "value": 136.31939010496075
    }, 
    "Ar40": {
        "error": 0.03489605841176657, 
        "filter_outliers_dict": {
            "filter_outliers": true, 
            "iterations": 1, 
            "std_devs": 2
        }, 
        "fit": "Linear", 
        "value": 336.7101023982897
    }, 
    "Ar41": {
        "error": 0.002267096028344715, 
        "filter_outliers_dict": {
            "filter_outliers": true, 
            "iterations": 1, 
            "std_devs": 2
        }, 
        "fit": "Average", 
        "value": 0.09085551543086894
    }
}