{
    "Ar36": {
        "error": 0.001014723034605055, 
        "filter_outliers_dict": {
            "filter_outliers": true, 
            "iterations": 1, 
            "std_devs": 2
        }, 
        "fit": "Linear", 
        "value": 0.05088099757720078
    }, 
    "Ar37": {
        "error": 0.017940639274097663, 
        "filter_outliers_dict": {
            "filter_outliers": true, 
            "iterations": 1, 
            "std_devs": 2
        }, 
        "fit": "linear", 
        "value": 0.17085734687473098
    }, 
    "Ar38": {
        "error": 0.008867366080694923, 
        "filter_outliers_dict": {
            "filter_outliers": true, 
            "iterations": 1, 
            "std_devs": 2
        }, 
        "fit": "linear", 
        "value": 0.3497677900038383
    }, 
    "Ar39": {
        "error": 0.02196743460346445, 
        "filter_outliers_dict": {
            "filter_outliers": true, 
            "iterations": 1, 
            "std_devs": 2
        }, 
        "fit": "Linear", 
        "value": 25.1114426893324
    }, 
    "Ar40": {
        "error": 0.23855847096575492, 
        "filter_outliers_dict": {
            "filter_outliers": true, 
            "iterations": 1, 
            "std_devs": 2
        }, 
        "fit": "Linear", 
        "value": 3018.0627169061245
    }, 
    "Ar41": {
        "error": 0.007001583760503267, 
        "filter_outliers_dict": {
            "filter_outliers": true, 
            "iterations": 1, 
            "std_devs": 2
        }, 
        "fit": "Average", 
        "value": 0.19263934989474404
    }
}